STT,Từ mới,Phiên âm,Giải thích,Ví dụ (chữ hán),Phiên âm,Dịch
1,爱,ài,yêu,我爱你。,Wǒ ài nǐ.,Tôi yêu bạn.
2,八,bā,tám,他有八个苹果。,Tā yǒu bā ge píngguǒ.,Anh ấy có tám quả táo.
3,爸爸,bàba,bố,我的爸爸很高。,Wǒ de bàba hěn gāo.,Bố của tôi rất cao.
4,杯子,bēizi,cốc,这是我的杯子。,Zhè shì wǒ de bēizi.,Đây là cốc của tôi.
5,北京,Běijīng,Bắc Kinh,北京很大。,Běijīng hěn dà.,Bắc Kinh thì lớn.
6,本,běn,cuốn (dùng cho sách),这本书很有趣。,Zhè běn shū hěn yǒuqù.,Quyển sách này rất thú vị.
7,不客气,bú kèqì,không có gì (đáp lại lời cảm ơn),不客气。,bú kèqì.,Không có gì.
8,不,bù,không,他不喜欢吃鱼。,Tā bù xǐhuān chī yú.,Anh ấy không thích ăn cá.
9,菜,cài,"món ăn, rau củ",我喜欢吃菜。,Wǒ xǐhuān chī cài.,Tôi thích ăn rau.
10,茶,chá,trà,我喝茶。,Wǒ hē chá.,Tôi uống trà.
11,吃,chī,ăn,我吃苹果。,Wǒ chī píngguǒ.,Tôi ăn táo.
12,出租车,chūzūchē,taxi,我坐出租车。,Wǒ zuò chūzūchē.,Tôi đi taxi.
13,打电话,dǎ diànhuà,gọi điện thoại,她给我打电话。,Tā gěi wǒ dǎ diànhuà.,Cô ấy gọi điện cho tôi.
14,大,dà,"lớn, to",这件衣服很大。,Zhè jiàn yīfú hěn dà.,Cái áo này rất to.
15,的,de,của (thuộc tính),这是我的书。,Zhè shì wǒ de shū.,Đây là sách của tôi.
16,点,diǎn,giờ (trong thời gian),现在是三点。,Xiànzài shì sān diǎn?,Bây giờ là mấy giờ?
17,电脑,diànnǎo,máy tính,我用电脑。,Wǒ yòng diànnǎo.,Tôi dùng máy tính.
18,电视,diànshì,ti vi,电视很大。,Diànshì hěn dà.,Tivi thì lớn.
19,电影,diànyǐng,phim,我喜欢看电影。,Wǒ xǐhuān kàn diànyǐng.,Tôi thích xem phim.
20,东西,dōngxī,"đồ vật, thứ",这是什么东西？,Zhè shì shénme dōngxī?,Đây là cái gì?
21,都,dōu,đều,我们都去学校。,Wǒmen dōu qù xuéxiào.,Chúng tôi đều đi đến trường.
22,读,dú,đọc,她读书很快。,Tā dúshū hěn kuài.,Cô ấy đọc sách rất nhanh.
23,对不起,duìbùqǐ,xin lỗi,对不起，我迟到了。,"Duìbuqǐ, wǒ chídào le.","Xin lỗi, tôi đến muộn."
24,多,duō,nhiều,我有很多书。,Wǒ yǒu hěn duō shū.,Tôi có nhiều sách.
25,多少,duōshǎo,bao nhiêu,这本书多少钱？,Zhè běn shū duōshǎo qián?,Quyển sách này bao nhiêu tiền?
26,儿子,érzi,con trai,我的儿子很聪明。,Wǒ de érzi hěn cōngmíng.,Con trai của tôi rất thông minh.
27,二,èr,hai,我喜欢“二”数字。,"Wǒ xǐhuān ""èr"" shùzi",Tôi thích số 2.
28,饭馆,fànguǎn,nhà hàng,我们去饭馆吃饭。,Wǒmen qù fànguǎn chīfàn.,Chúng tôi đi nhà hàng ăn cơm.
29,飞机,fēijī,máy bay,飞机很快。,Fēijī hěn kuài.,Máy bay thì nhanh.
30,分钟,fēnzhōng,phút,他等了五分钟。,Tā děngle wǔ fēnzhōng.,Anh ấy đợi năm phút.
31,高兴,gāoxìng,vui,我很高兴。,Wǒ hěn gāoxìng.,Tôi rất vui.
32,个,gè,cái (đơn vị lượng từ),我有一个钱包。,Wǒ yǒu yī ge qiánbāo.,Tôi có một cái ví tiền.
33,工作,gōngzuò,công việc,我的工作很忙。,Wǒ de gōngzuò hěn máng.,Công việc của tôi rất bận.
34,狗,gǒu,chó,这只狗很可爱。,Zhè zhī gǒu hěn kě'ài.,Con chó này rất dễ thương.
35,汉语,Hànyǔ,tiếng Hán,我在学汉语。,Wǒ zài xué Hànyǔ.,Tôi đang học tiếng Trung.
36,好,hǎo,"tốt, khỏe",他很好。,Tā hěn hǎo.,Anh ấy rất tốt.
37,喝,hē,uống,我喝水。,Wǒ hē shuǐ.,Tôi uống nước.
38,和,hé,và,我和你一起去。,Wǒ hé nǐ yīqǐ qù.,Tôi và bạn cùng đi.
39,很,hěn,rất,这个苹果很甜。,Zhège píngguǒ hěn tián.,Cái táo này rất ngọt.
40,后面,hòumiàn,phía sau,我家在后面。,Wǒ jiā zài hòumiàn.,Nhà tôi ở phía sau.
41,回,huí,"quay lại, về",我回家了。,Wǒ huí jiā le.,Tôi đã về nhà.
42,会,huì,"sẽ, biết (kỹ năng)",我会说汉语。,Wǒ huì shuō Hànyǔ.,Tôi biết nói tiếng Trung.
43,火车站,huǒchēzhàn,ga tàu,火车站在前面。,Huǒchēzhàn zài qiánmiàn.,Ga tàu ở phía trước.
44,几,jǐ,mấy,你有几个苹果？,Nǐ yǒu jǐ ge píngguǒ?,Bạn có mấy quả táo?
45,家,jiā,"gia đình, nhà",我家有四口人。,Wǒ jiā yǒu sì kǒu rén.,Nhà tôi có bốn người.
46,叫,jiào,"gọi, tên gọi",她叫李娜。,Tā jiào Lǐ Nà.,Cô ấy tên là Lý Na.
47,今天,jīntiān,hôm nay,今天是星期一。,Jīntiān shì xīngqī yī.,Hôm nay là thứ Hai.
48,九,jiǔ,chín,我有九本书。,Wǒ yǒu jiǔ běn shū.,Tôi có chín quyển sách.
49,开,kāi,"mở, khởi động",我们开车去。,Wǒmen kāichē qù.,Chúng tôi đi bằng ô tô.
50,看,kàn,xem,我喜欢看电影。,Wǒ xǐhuān kàn diànyǐng.,Tôi thích xem phim.
51,看见,kànjiàn,nhìn thấy,我看见你了。,Wǒ kànjiàn nǐ le.,Tôi đã thấy bạn.
52,块,kuài,"miếng, đồng (tiền)",这个苹果两块钱。,Zhège píngguǒ liǎng kuài qián.,Cái táo này hai tệ.
53,来,lái,đến,明天我来。,Míngtiān wǒ lái.,Ngày mai tôi đến.
54,老师,lǎoshī,giáo viên,我的老师很友好。,Wǒ de lǎoshī hěn yǒuhǎo.,Giáo viên của tôi rất thân thiện.
55,了,le,đã (dùng để chỉ sự thay đổi),她去了学校。,Tā qùle xuéxiào.,Cô ấy đã đi đến trường.
56,冷,lěng,lạnh,外面很冷。,Wàimiàn hěn lěng.,Bên ngoài rất lạnh.
57,里,lǐ,trong,我的书在里面。,Wǒ de shū zài lǐmiàn.,Sách của tôi ở bên trong.
58,零,líng,không (số 0),今天零度。,Jīntiān líng dù.,Hôm nay không độ.
59,六,liù,sáu,我有六个苹果。,Wǒ yǒu liù ge píngguǒ.,Tôi có sáu quả táo.
60,妈妈,māma,mẹ,我的妈妈很漂亮。,Wǒ de māmā hěn piàoliang.,Mẹ của tôi rất xinh đẹp.
61,吗,ma,không (dùng trong câu hỏi),你好吗？,Nǐ hǎo ma?,Bạn khỏe không?
62,买,mǎi,mua,我买了水果。,Wǒ mǎile shuǐguǒ.,Tôi đã mua trái cây.
63,猫,māo,mèo,这只猫很可爱。,Zhè zhī māo hěn kě'ài.,Con mèo này rất dễ thương.
64,没,méi,"không có, chưa",我没看见他。,Wǒ méi kànjiàn tā.,Tôi không nhìn thấy anh ấy.
65,没关系,méi guānxi,"không sao, không có gì",下雨了，没关系，我们有伞。,"Xiàyǔ le, méi guānxì, wǒmen yǒu sǎn.","Trời mưa rồi, không sao đâu, chúng ta có ô."
66,米饭,mǐfàn,cơm,我们吃米饭。,Wǒmen chī mǐfàn.,Chúng tôi ăn cơm.
67,明天,míngtiān,ngày mai,明天见。,Míngtiān jiàn.,Ngày mai gặp.
68,名字,míngzi,tên,你叫什么名字？,Nǐ jiào shénme míngzì?,Bạn tên là gì?
69,哪里 (哪儿),nǎlǐ (nǎr),"đâu, chỗ nào",你要去哪儿？,Nǐ yào qù nǎr？,Bạn muốn đi đâu?
70,那,nà,"đó, kia",那个书包很漂亮。,Nàge shūbāo hěn piàoliang.,Cái cặp sách đó rất đẹp.
71,呢,ne,thì sao? (dùng để hỏi thêm),你呢？,Nǐ ne?,Còn bạn thì sao?
72,能,néng,có thể,他能说三种语言。,Tā néng shuō sān zhǒng yǔyán.,Anh ấy có thể nói ba ngôn ngữ.
73,你,nǐ,bạn,你叫什么名字？,Nǐ jiào shénme míngzi?,Bạn tên là gì?
74,年,nián,năm,我结婚三年了。,Wǒ jiéhūn sān nián le.,Tôi kết hôn 3 năm rồi.
75,女儿,nǚ'ér,con gái,她是我的女儿。,Tā shì wǒ de nǚ'ér.,Con bé là con gái của tôi.
76,朋友,péngyou,bạn,她的朋友很聪明。,Tā de péngyou hěn cōngmíng.,Bạn của cô ấy rất thông minh.
77,漂亮,piàoliang,đẹp,她很漂亮。,Tā hěn piàoliang.,Cô ấy rất xinh đẹp.
78,苹果,píngguǒ,táo,这个苹果很好吃。,Zhège píngguǒ hěn hǎochī.,Táo này rất ngon.
79,七,qī,bảy,我有七个朋友。,Wǒ yǒu qī ge péngyou.,Tôi có bảy người bạn.
80,钱,qián,tiền,这本书多少钱？,Zhè běn shū duōshǎo qián?,Cuốn sách này giá bao nhiêu?
81,前面,qiánmiàn,phía trước,火车站在前面。,Huǒchēzhàn zài qiánmiàn.,Ga tàu ở phía trước.
82,请,qǐng,"xin vui lòng, mời",请给我菜单。,Qǐng gěi wǒ càidān.,Xin vui lòng đưa cho tôi thực đơn.
83,去,qù,đi,我们要去商店。,Wǒmen yào qù shāngdiàn.,Chúng tôi phải đến cửa hàng.
84,热,rè,nóng,天气很热。,Tiānqì hěn rè.,Thời tiết rất nóng.
85,人,rén,người,这个人很友好。,Zhè ge rén hěn yǒuhǎo.,Người này rất thân thiện.
86,认识,rènshi,quen biết,我认识他。,Wǒ rènshi tā.,Tôi quen anh ấy.
87,日,rì,ngày,今天是几月几日？,Jīntiān shì jǐ yuè jǐ rì?,Hôm nay là ngày mấy tháng mấy?
88,三,sān,ba,我有三本书。,Wǒ yǒu sān běn shū.,Tôi có ba cuốn sách.
89,商店,shāngdiàn,cửa hàng,这个商店很大。,Zhège shāngdiàn hěn dà.,Cửa hàng này rất lớn.
90,上,shàng,lên,他在上楼。,Tā zài shàng lóu.,Anh ấy đang lên tầng.
91,上午,shàngwǔ,buổi sáng,上午我们去学校。,Shàngwǔ wǒmen qù xuéxiào.,Vào buổi sáng chúng tôi đi học.
92,少,shǎo,ít,我们还少一个人。,Wǒmen hái shǎo yīgè rén.,Chúng tôi vẫn thiếu một người.
93,谁,shuí/ shéi,ai,谁是你的老师？,Shéi shì nǐ de lǎoshī?,Ai là giáo viên của bạn?
94,什么,shénme,cái gì,你想吃什么？,Nǐ xiǎng chī shénme?,Bạn muốn ăn gì?
95,十,shí,mười,我有十块钱。,Wǒ yǒu shí kuài qián.,Tôi có mười tệ.
96,时候,shíhòu,"lúc, khi",你什么时候来？,Nǐ shénme shíhòu lái?,Bạn đến lúc nào ?
97,是,shì,"là, thì",这是一本好书。,Zhè shì yī běn hǎo shū.,Đây là một cuốn sách hay.
98,书,shū,sách,这本书很有意思。,Zhè běn shū hěn yǒuyìsi.,Cuốn sách này rất thú vị.
99,水,shuǐ,nước,我喝水。,Wǒ hē shuǐ.,Tôi uống nước.
100,水果,shuǐguǒ,trái cây,她喜欢吃水果。,Tā xǐhuān chī shuǐguǒ.,Cô ấy thích ăn trái cây.
101,睡觉,shuìjiào,ngủ,他每天晚上十点睡觉。,Tā měitiān wǎnshàng shí diǎn shuìjiào.,Anh ấy đi ngủ lúc mười giờ tối mỗi ngày.
102,说话,shuōhuà,nói chuyện,你怎么不说话？,Nǐ zěnme bù shuōhuà?,Sao bạn không nói chuyện thế?
103,四,sì,bốn,他们四个人去旅行。,Tāmen sì gè rén qù lǚxíng.,Bốn người họ đi du lịch.
104,岁,suì,tuổi,我今年二十五岁。,Wǒ jīnnián èrshíwǔ suì.,Tôi năm nay hai mươi lăm tuổi.
105,他,tā,"anh ấy, ông ấy",他是我的朋友。,Tā shì wǒ de péngyou.,Anh ấy là bạn của tôi.
106,她,tā,"cô ấy, bà ấy",她在家里。,Tā zài jiālǐ.,Cô ấy ở nhà.
107,太,tài,quá,今天太热了。,Jīntiān tài rè le.,Hôm nay nóng quá.
108,天气,tiānqì,thời tiết,今天天气很好。,Jīntiān tiānqì hěn hǎo.,Thời tiết hôm nay rất tốt.
109,听,tīng,nghe,我喜欢听音乐。,Wǒ xǐhuān tīng yīnyuè.,Tôi thích nghe nhạc.
110,同学,tóngxué,bạn học,我们是同学。,Wǒmen shì tóngxué.,Chúng tôi là bạn học.
111,喂,wèi,alo,喂，你好吗？,"Wèi, nǐ hǎo ma?","Alo, bạn khỏe không?"
112,我,wǒ,tôi,我想喝水。,Wǒ xiǎng hē shuǐ.,Tôi muốn uống nước.
113,我们,wǒmen,chúng tôi,我们一起去吧。,Wǒmen yīqǐ qù ba.,Chúng ta cùng đi nhé.
114,五,wǔ,năm,他有五本书。,Tā yǒu wǔ běn shū.,Anh ấy có năm cuốn sách.
115,喜欢,xǐhuān,thích,我喜欢喝咖啡。,Wǒ xǐhuān hē kāfēi.,Tôi thích uống cà phê.
116,下,xià,xuống,我在下楼。,Wǒ zài xià lóu.,Tôi đang xuống lầu.
117,下午,xiàwǔ,buổi chiều,下午我们去逛街。,Xiàwǔ wǒmen qù guàngjiē.,"uổi chiều, chúng tôi đi dạo phố."
118,下雨,xià yǔ,mưa,外面下雨了，记得带伞。,"Wàimiàn xià yǔ le, jìdé dài sǎn.","Ngoài trời mưa, nhớ mang theo ô."
119,先生,xiānshēng,"ông, ngài",先生，这边请。,"Xiānshēng, zhè biān qǐng",Mời anh qua bên này.
120,现在,xiànzài,bây giờ,我现在很累。,Wǒ xiànzài hěn lèi.,Tôi hiện tại rất mệt.
121,想,xiǎng,"nghĩ, muốn",我想去看电影。,Wǒ xiǎng qù kàn diànyǐng.,Tôi muốn đi xem phim.
122,小,xiǎo,nhỏ,这是一只小狗。,Zhè shì yī zhī xiǎo gǒu.,Đây là một chú chó con.
123,小姐,xiǎojiě,cô (trong cách gọi),小姐，请问这里有洗手间吗？,"Xiǎojiě, qǐngwèn zhèlǐ yǒu xǐshǒujiān ma?","Cô ơi, xin hỏi ở đây có nhà vệ sinh không?"
124,些,xiē,vài,我们买了一些水果。,Wǒmen mǎile yīxiē shuǐguǒ.,Chúng tôi đã mua một ít trái cây.
125,写,xiě,viết,我正在写信。,Wǒ zhèngzài xiě xìn.,Tôi đang viết thư.
126,谢谢,xièxiè,cảm ơn,谢谢你的帮助。,Xièxiè nǐ de bāngzhù.,Cảm ơn sự giúp đỡ của bạn.
127,星期,xīngqī,tuần,一个星期就好。,Yí gè xīngqī jiǔ hǎo.,Một tuần là được
128,学生,xuéshēng,học sinh,他是一个好学生。,Tā shì yīgè hǎo xuéshēng.,Anh ấy là một học sinh giỏi.
129,学习,xuéxí,học tập,学习中文很有趣。,Xuéxí zhōngwén hěn yǒuqù.,Học tiếng Trung rất thú vị.
130,学校,xuéxiào,trường học,我在学校学习中文。,Wǒ zài xuéxiào xuéxí zhōngwén.,Tôi học tiếng Trung ở trường.
131,一,yī,một,一个人在公园散步。,Yī gè rén zài gōngyuán sànbù.,Một người đang đi dạo trong công viên.
132,衣服,yīfu,quần áo,这件衣服很漂亮。,Zhè jiàn yīfu hěn piàoliang.,Bộ quần áo này rất đẹp.
133,医生,yīshēng,bác sĩ,他是一位医生。,Tā shì yī wèi yīshēng.,Anh ấy là một bác sĩ.
134,医院,yīyuàn,bệnh viện,我们去医院看病。,Wǒmen qù yīyuàn kàn bìng.,Chúng tôi đến bệnh viện để khám bệnh.
135,椅子,yǐzi,ghế,请坐在椅子上。,Qǐng zuò zài yǐzi shàng.,Xin ngồi lên ghế.
136,月,yuè,"tháng, mặt trăng",这个月我很忙。,Zhège yuè wǒ hěn máng.,Tháng này tôi rất bận.
137,在,zài,"ở, tại",他在学校学习。,Tā zài xuéxiào xuéxí.,Anh ấy học ở trường.
138,再见,zàijiàn,tạm biệt,我们明天再见。,Wǒmen míngtiān zàijiàn.,Chúng ta gặp lại vào ngày mai.
139,怎么,zěnme,làm sao,你怎么了？,Nǐ zěnme le?,Bạn sao vậy?
140,怎么样,zěnmeyàng,như thế nào,你的工作怎么样？,Nǐ de gōngzuò zěnmeyàng?,Công việc của bạn thế nào?
141,这,zhè,"Đây, này",这件事怎么样？,Zhè jiàn shì zěnme yàng?,Việc này như thế nào?
142,中国,Zhōngguó,Trung Quốc,中国有很多美丽的风景。,Zhōngguó yǒu hěn duō měilì de fēngjǐng.,Trung Quốc có nhiều cảnh đẹp.
143,中午,zhōngwǔ,buổi trưa,中午我们去吃饭吧。,Zhōngwǔ wǒmen qù chīfàn ba.,Buổi trưa chúng ta đi ăn cơm nhé.
144,住,zhù,"sống, cư trú",我住在一个很安静的地方。,Wǒ zhù zài yīgè hěn ānjìng de dìfāng.,Tôi sống ở một nơi rất yên tĩnh.
145,桌子,zhuōzi,bàn,桌子上放着一本书。,Zhuōzi shàng fàngzhe yī běn shū.,Trên bàn có một cuốn sách.
146,字,zì,chữ,我们要学会写字。,Wǒmen yào xuéhuì xiě zì.,Chúng ta phải học viết chữ.
147,昨天,zuótiān,hôm qua,昨天我去看了一部电影。,Zuótiān wǒ qù kànle yī bù diànyǐng.,Hôm qua tôi đã đi xem một bộ phim.
148,坐,zuò,ngồi,我们在公园里坐了一会儿。,Wǒmen zài gōngyuán lǐ zuòle yīhuìr.,Chúng tôi đã ngồi một lúc trong công viên.
149,做,zuò,làm,他正在做作业。,Tā zhèngzài zuò zuòyè.,Anh ấy đang làm bài tập về nhà.
1,吧,ba,"đi, nhé, nhỉ (đứng cuối câu)",请你帮我吧。,Qǐng nǐ bāng wǒ ba.,Xin bạn giúp tôi nhé.
2,白,bái,trắng,他的白色衬衫很漂亮。,Tā de báisè chènshān hěn piàoliang.,Áo sơ mi trắng của anh ấy rất đẹp.
3,百,bǎi,trăm,我们要买一百个苹果。,Wǒmen yào mǎi yī bǎi gè píngguǒ.,Chúng tôi muốn mua một trăm quả táo.
4,帮助,bāngzhù,giúp đỡ,请你帮忙翻译这篇文章。,Qǐng nǐ bāngmáng fānyì zhè piān wénzhāng.,Xin bạn giúp dịch bài viết này.
5,报纸,bàozhǐ,báo,我每天都看报纸。,Wǒ měitiān dōu kàn bàozhǐ.,Tôi đọc báo mỗi ngày.
6,比,bǐ,so sánh,我的家比你的家大。,Wǒ de jiā bǐ nǐ de jiā dà.,Nhà của tôi lớn hơn nhà của bạn.
7,别,bié,"đừng, khác biệt",别忘带钥匙。,Bié wàng dài yàoshi.,Đừng quên mang theo chìa khóa.
8,长,cháng,dài,她的头发很长。,Tā de tóufǎ hěn cháng.,Tóc của cô ấy rất dài.
9,唱歌,chànggē,hát,我喜欢唱歌。,Wǒ xǐhuān chànggē.,Tôi thích hát.
10,出,chū,ra ngoài,我们出去玩吧。,Wǒmen chūqù wán ba.,Chúng ta ra ngoài chơi đi.
11,穿,chuān,mặc,你穿的衣服很漂亮。,Nǐ chuān de yīfú hěn piàoliang.,Quần áo bạn mặc rất đẹp.
12,船,chuán,thuyền,他坐在船上。,Tā zuò zài chuán shàng.,Anh ấy ngồi trên thuyền.
13,次,cì,lần,这是我第一次来这里。,Zhè shì wǒ dì yī cì lái zhèlǐ.,Đây là lần đầu tiên tôi đến đây.
14,从,cóng,"từ, theo",他从早上工作到晚上。,Tā cóng zǎoshang gōngzuò dào wǎnshang.,Anh ấy làm việc từ sáng đến tối.
15,错,cuò,sai,他做错了一个题。,Tā zuò cuòle yīgè tí.,Anh ấy đã làm sai một bài tập.
16,打篮球,dǎ lánqiú,chơi bóng rổ,他打篮球打得很好。,Tā dǎ lánqiú dǎ de hěn hǎo.,Anh ấy chơi bóng rổ rất giỏi.
17,大家,dàjiā,mọi người,大家都很高兴。,Dàjiā dōu hěn gāoxìng.,Mọi người đều rất vui.
18,但是,dànshì,nhưng,我想去，但是没有时间。,"Wǒ xiǎng qù, dànshì méiyǒu shíjiān.","Tôi muốn đi, nhưng không có thời gian."
19,到,dào,đến,我们今天到学校了。,Wǒmen jīntiān dào xuéxiào le.,Hôm nay chúng tôi đã đến trường.
20,得,děi,"phải, đạt được",你得努力学习。,Nǐ děi nǔlì xuéxí.,Bạn phải cố gắng học.
21,等,děng,đợi,我们等你来。,Wǒmen děng nǐ lái.,Chúng tôi đợi bạn đến.
22,弟弟,dìdì,em trai,弟弟在玩玩具。,Dìdì zài wán wánjù.,Em trai đang chơi đồ chơi.
23,第一,dì yī,đầu tiên,他是第一名。,Tā shì dì yī míng.,Anh ấy là người đứng đầu.
24,懂,dǒng,hiểu,我不懂这个问题。,Wǒ bù dǒng zhège wèntí.,Tôi không hiểu vấn đề này.
25,对,duì,"đúng, đối với",你对我很好。,Nǐ duì wǒ hěn hǎo.,Bạn đối xử tốt với tôi.
26,房间,fángjiān,phòng,房间里很安静。,Fángjiān lǐ hěn ānjìng.,Trong phòng rất yên tĩnh.
27,非常,fēicháng,"rất, cực kỳ",这道菜非常好吃。,Zhè dào cài fēicháng hǎochī.,Món ăn này rất ngon.
28,服务员,fúwùyuán,nhân viên phục vụ,服务员请帮忙。,Fúwùyuán qǐng bāngmáng.,"Nhân viên phục vụ, xin giúp đỡ."
29,高,gāo,cao,他很高。,Tā hěn gāo.,Anh ấy rất cao.
30,告诉,gàosù,"nói cho, thông báo",请告诉我答案。,Qǐng gàosù wǒ dá'àn.,Xin cho tôi biết đáp án.
31,哥哥,gēge,anh trai,哥哥在家里。,Gēge zài jiālǐ.,Anh trai đang ở nhà.
32,给,gěi,"đưa cho, cho",请给我一本书。,Qǐng gěi wǒ yī běn shū.,Xin hãy đưa cho tôi một cuốn sách.
33,公共汽车,gōnggòng qìchē,xe buýt,公共汽车很方便。,Gōnggòng qìchē hěn fāngbiàn.,Xe buýt rất tiện lợi.
34,公斤,gōngjīn,kilogram (kg),这个包十公斤。,Zhège bāo shí gōngjīn.,Cái túi này mười kilogram.
35,公司,gōngsī,công ty,我在公司工作。,Wǒ zài gōngsī gōngzuò.,Tôi làm việc ở công ty.
36,贵,guì,"đắt, quý",这件衣服很贵。,Zhè jiàn yīfú hěn guì.,Cái áo này rất đắt.
37,过,guò,"qua, đi qua",请过安检门。,Qǐng guò ānjiǎn mén.\,Mời đi qua cửa an ninh.
38,还,hái,"vẫn, còn",我还想要一杯水。,Wǒ hái xiǎng yào yī bēi shuǐ.,Tôi còn muốn một cốc nước.
39,孩子,háizi,trẻ con,孩子们都在玩。,Háizimen dōu zài wán.,Những đứa trẻ đang chơi.
40,好吃,hǎochī,ngon,这道菜很好吃。,Zhè dào cài hěn hǎo chī.,Món ăn này rất ngon.
41,号,hào,"số (như số điện thoại, số nhà)",你的手机号是多少？,Nǐ de shǒujī hào shì duōshǎo?,Số điện thoại của bạn là bao nhiêu?
42,黑,hēi,đen,我的车是黑色的。,Wǒ de chē shì hēisè de.,Xe của tôi màu đen.
43,红,hóng,đỏ,她喜欢红色的衣服。,Tā xǐhuān hóngsè de yīfú.,Cô ấy thích quần áo màu đỏ.
44,欢迎,huānyíng,"hoan nghênh, chào mừng",欢迎你来我家。,Huānyíng nǐ lái wǒ jiā.,Chào mừng bạn đến nhà tôi.
45,回答,huídá,trả lời,请回答我的问题。,Qǐng huídá wǒ de wèntí.,Xin trả lời câu hỏi của tôi.
46,机场,jīchǎng,sân bay,机场离这里很近。,Jīchǎng lí zhèlǐ hěn jìn.,Sân bay gần đây.
47,鸡蛋,jīdàn,trứng gà,我喜欢吃鸡蛋。,Wǒ xǐhuān chī jīdàn.,Tôi thích ăn trứng.
48,件,jiàn,"cái (dùng cho sự việc, quần áo)",这件衣服很好看。,Zhè jiàn yīfú hěn hǎokàn.,Cái áo này rất đẹp.
49,教室,jiàoshì,lớp học,学生们在教室里学习。,Xuéshēngmen zài jiàoshì lǐ xuéxí.,Học sinh đang học trong lớp học.
50,姐姐,jiějie,chị gái,姐姐比我大三岁。,Jiějiě bǐ wǒ dà sān suì.,Chị gái lớn hơn tôi ba tuổi.
51,介绍,jièshào,giới thiệu,请介绍一下你自己。,Qǐng jièshào yīxià nǐ zìjǐ.,Xin hãy giới thiệu về bản thân.
52,进,jìn,vào,请进，别客气。,"Qǐng jìn, bié kèqì.","Mời vào, đừng khách sáo."
53,近,jìn,gần,学校离我家很近。,Xuéxiào lí wǒ jiā hěn jìn.,Trường học gần nhà tôi.
54,就,jiù,"thì, ngay",他就住在我家旁边。,Tā jiù zhù zài wǒ jiā pángbiān.,Anh ấy sống ngay cạnh nhà tôi.
55,觉得,juéde,cảm thấy,我觉得今天很热。,Wǒ juéde jīntiān hěn rè.,Tôi cảm thấy hôm nay rất nóng.
56,咖啡,kāfēi,cà phê,我每天早上喝咖啡。,Wǒ měitiān zǎoshang hē kāfēi.,Tôi uống cà phê mỗi sáng.
57,开始,kāishǐ,bắt đầu,我们现在开始上课。,Wǒmen xiànzài kāishǐ shàngkè.,Bây giờ chúng ta bắt đầu học.
58,考试,kǎoshì,thi,我准备好考试了。,Wǒ zhǔnbèi hǎo kǎoshì le.,Tôi đã chuẩn bị sẵn sàng cho kỳ thi.
59,可能,kěnéng,có thể,可能会下雨。,Kěnéng huì xiàyǔ.,Có thể sẽ mưa.
60,可以,kěyǐ,có thể,你可以坐在这里。,Nǐ kěyǐ zuò zài zhèlǐ.,Bạn có thể ngồi ở đây.
61,课,kè,bài học,我们今天有三节课。,Wǒmen jīntiān yǒu sān jié kè.,Hôm nay chúng ta có ba tiết học.
62,快,kuài,nhanh,他跑得很快。,Tā pǎo de hěn kuài.,Anh ấy chạy rất nhanh.
63,快乐,kuàilè,vui vẻ,祝你生日快乐。,Zhù nǐ shēngrì kuàilè.,Chúc bạn sinh nhật vui vẻ.
64,累,lèi,mệt,我累了，想休息一下。,"Wǒ lèile, xiǎng xiūxí yīxià.","Tôi mệt rồi, muốn nghỉ ngơi một chút."
65,离,lí,"cách (khoảng cách), rời",学校离我家不远。,Xuéxiào lí wǒ jiā bù yuǎn.,Trường học không xa nhà tôi.
66,两,liǎng,hai (khi đếm số lượng),我有两个弟弟。,Wǒ yǒu liǎng gè dìdì.,Tôi có hai em trai.
67,路,lù,đường,这条路很长。,Zhè tiáo lù hěn cháng.,Con đường này rất dài.
68,旅游,lǚyóu,du lịch,我喜欢旅游。,Wǒ xǐhuān lǚyóu.,Tôi thích du lịch.
69,卖,mài,bán,他在商店里卖东西。,Tā zài shāngdiàn lǐ mài dōngxī.,Anh ấy bán hàng trong cửa hàng.
70,慢,màn,chậm,他走得很慢。,Tā zǒu de hěn màn.,Anh ấy đi rất chậm.
71,忙,máng,bận,我今天很忙。,Wǒ jīntiān hěn máng.,Hôm nay tôi rất bận.
72,每,měi,mỗi,每个人都有机会。,Měi gèrén dōu yǒu jīhuì.,Mỗi người đều có cơ hội.
73,妹妹,mèimei,em gái,妹妹在唱歌。,Mèimei zài chànggē.,Em gái đang hát.
74,门,mén,cửa,他站在门口。,Tā zhàn zài ménkǒu.,Anh ấy đứng ở cửa.
75,男人,nánrén,đàn ông,那个男人很高。,Nàgè nánrén hěn gāo.,Người đàn ông đó rất cao.
76,您,nín,bạn (dùng lịch sự),您好，请进。,"Nín hǎo, qǐng jìn.","Xin chào, mời vào."
77,牛奶,niúnǎi,sữa bò,我每天早上喝牛奶。,Wǒ měitiān zǎoshang hē niúnǎi.,Tôi uống sữa mỗi sáng.
78,女人,nǚrén,phụ nữ,那个女人是我妈妈。,Nàgè nǚrén shì wǒ māma.,Người phụ nữ đó là mẹ tôi.
79,旁边,pángbiān,bên cạnh,学校在我家旁边。,Xuéxiào zài wǒ jiā pángbiān.,Trường học ở cạnh nhà tôi.
80,跑步,pǎobù,chạy bộ,我每天早上跑步。,Wǒ měitiān zǎoshang pǎobù.,Tôi chạy bộ mỗi sáng.
81,便宜,piányí,rẻ,这件衣服很便宜。,Zhè jiàn yīfú hěn piányí.,Cái áo này rất rẻ.
82,票,piào,vé,我买了两张电影票。,Wǒ mǎile liǎng zhāng diànyǐng piào.,Tôi đã mua hai vé xem phim.
83,妻子,qīzi,vợ,这是我的妻子。,Zhè shì wǒ de qīzi.,Đây là vợ tôi.
84,起床,qǐchuáng,dậy (rời khỏi giường),我每天六点起床。,Wǒ měitiān liù diǎn qǐchuáng.,Tôi thức dậy lúc sáu giờ mỗi ngày.
85,千,qiān,nghìn,我有一千块钱。,Wǒ yǒu yīqiān kuài qián.,Tôi có một ngàn đồng.
86,晴,qíng,"nắng, quang đãng",今天是晴天。,Jīntiān shì qíngtiān.,Hôm nay trời nắng.
87,去年,qùnián,năm ngoái,我去年去了中国。,Wǒ qùnián qùle zhōngguó.,Năm ngoái tôi đã đi Trung Quốc.
88,让,ràng,"để, làm cho, nhường",请让他进来。,Qǐng ràng tā jìnlái.,Xin hãy để anh ấy vào.
89,上班,shàngbān,đi làm,我每天八点上班。,Wǒ měitiān bā diǎn shàngbān.,Tôi đi làm lúc tám giờ mỗi ngày.
90,身体,shēntǐ,cơ thể,你的身体怎么样？,Nǐ de shēntǐ zěnme yàng?,Sức khỏe của bạn thế nào?
91,生病,shēngbìng,bị bệnh,他生病了，不能来上课。,"Tā shēngbìng le, bùnéng lái shàngkè.","Anh ấy bị ốm, không thể đến lớp."
92,生日,shēngrì,sinh nhật,今天是我的生日。,Jīntiān shì wǒ de shēngrì.,Hôm nay là sinh nhật của tôi.
93,时间,shíjiān,thời gian,现在我没有时间。,Xiànzài wǒ méiyǒu shíjiān.,Bây giờ tôi không có thời gian.
94,事情,shìqíng,việc,你在做什么事情？,Nǐ zài zuò shénme shìqíng?,Bạn đang làm việc gì vậy?
95,手表,shǒubiǎo,đồng hồ,这块手表很贵。,Zhè kuài shǒubiǎo hěn guì.,Chiếc đồng hồ này rất đắt.
96,手机,shǒujī,điện thoại di động,我的手机没电了。,Wǒ de shǒujī méi diàn le.,Điện thoại của tôi hết pin rồi.
97,送,sòng,tặng,我送你一本书。,Wǒ sòng nǐ yī běn shū.,Tôi tặng bạn một quyển sách.
98,所以,suǒyǐ,vì vậy,他很累，所以休息了。,"Tā hěn lèi, suǒyǐ xiūxí le.","Anh ấy rất mệt, nên đã nghỉ ngơi rồi."
99,它,tā,"nó (cho vật, động vật)",它是一只可爱的小猫。,Tā shì yī zhī kě'ài de xiǎo māo.,Nó là một chú mèo đáng yêu.
100,踢足球,tī zúqiú,đá bóng,我们一起踢足球吧。,Wǒmen yīqǐ tī zúqiú ba.,Chúng ta cùng chơi đá bóng nhé.
101,题,tí,"câu hỏi, đề bài",这道题很难。,Zhè dào tí hěn nán.,Câu hỏi này rất khó.
102,跳舞,tiàowǔ,nhảy múa,我喜欢跳舞。,Wǒ xǐhuān tiàowǔ.,Tôi thích nhảy múa.
103,外,wài,ngoài,他在外面等你。,Tā zài wàimiàn děng nǐ.,Anh ấy đang đợi bạn ở bên ngoài.
104,玩,wán,chơi,小孩子们在玩游戏。,Xiǎo háizimen zài wán yóuxì.,Các em nhỏ đang chơi trò chơi.
105,完,wán,"xong, hoàn thành",我已经做完了作业。,Wǒ yǐjīng zuò wán le zuòyè.,Tôi đã làm xong bài tập.
106,晚上,wǎnshàng,buổi tối,我晚上九点睡觉。,Wǒ wǎnshàng jiǔ diǎn shuìjiào.,Tôi đi ngủ lúc chín giờ tối.
107,为什么,wèishénme,tại sao,你为什么不来？,Nǐ wèishéme bù lái?,Tại sao bạn không đến?
108,问,wèn,hỏi,请问你叫什么名字？,Qǐng wèn nǐ jiào shénme míngzì?,Xin hỏi bạn tên là gì?
109,问题,wèntí,vấn đề,这个问题很重要。,Zhège wèntí hěn zhòngyào.,Vấn đề này rất quan trọng.
110,西瓜,xīguā,dưa hấu,我喜欢吃西瓜。,Wǒ xǐhuān chī xīguā.,Tôi thích ăn dưa hấu.
111,希望,xīwàng,hy vọng,我希望你能来。,Wǒ xīwàng nǐ néng lái.,Tôi hy vọng bạn có thể đến.
112,洗,xǐ,rửa,请洗手。,Qǐng xǐ shǒu.,Xin rửa tay.
113,向,xiàng,"hướng về, đối với",向左走。,Xiàng zuǒ zǒu.,Đi về phía bên trái.
114,小时,xiǎoshí,tiếng đồng hồ,我每天学习一个小时。,Wǒ měitiān xuéxí yī gè xiǎoshí.,Tôi học một tiếng mỗi ngày.
115,笑,xiào,cười,他在笑什么？,Tā zài xiào shénme?,Anh ấy đang cười gì vậy?
116,新,xīn,mới,我有一个新手机。,Wǒ yǒu yī gè xīn shǒujī.,Tôi có một chiếc điện thoại mới.
117,姓,xìng,họ,你姓什么？,Nǐ xìng shénme?,Họ của bạn là gì?
118,休息,xiūxi,nghỉ ngơi,我累了，需要休息。,"Wǒ lèile, xūyào xiūxí.","Tôi mệt rồi, cần nghỉ ngơi."
119,雪,xuě,tuyết,明天会下雪。,Míngtiān huì xià xuě.,Ngày mai sẽ có tuyết rơi.
120,颜色,yánsè,màu sắc,你喜欢什么颜色？,Nǐ xǐhuān shénme yánsè?,Bạn thích màu gì?
121,眼睛,yǎnjing,mắt,他的眼睛很大。,Tā de yǎnjīng hěn dà.,Mắt của anh ấy rất to.
122,羊肉,yángròu,thịt cừu,我喜欢吃羊肉。,Wǒ xǐhuān chī yángròu.,Tôi thích ăn thịt cừu.
123,要,yào,"muốn, cần",我要一杯水。,Wǒ yào yī bēi shuǐ.,Tôi muốn một cốc nước.
124,药,yào,thuốc,我生病了，要吃药。,"Wǒ shēngbìng le, yào chī yào.","Tôi bị ốm, cần uống thuốc."
125,也,yě,cũng,他也喜欢游泳。,Tā yě xǐhuān yóuyǒng.,Anh ấy cũng thích bơi lội.
126,已经,yǐjīng,đã,我已经吃过饭了。,Wǒ yǐjīng chī guò fàn le.,Tôi đã ăn cơm rồi.
127,一起,yìqǐ,cùng nhau,我们一起去看电影吧。,Wǒmen yīqǐ qù kàn diànyǐng ba.,Chúng ta cùng đi xem phim nhé.
128,意思,yìsi,ý nghĩa,这是什么意思？,Zhè shì shénme yìsi?,Điều này có nghĩa là gì?
129,阴,yīn,"âm u, trời nhiều mây",今天是阴天。,Jīntiān shì yīntiān.,Hôm nay là ngày trời âm u.
130,因为,yīnwèi,vì,因为下雨，我不去跑步。,"Yīnwèi xiàyǔ, wǒ bú qù pǎobù.","Vì trời mưa, tôi không đi chạy bộ."
131,游泳,yóuyǒng,bơi,我喜欢游泳。,Wǒ xǐhuān yóuyǒng.,Tôi thích bơi lội.
132,右边,yòubiān,bên phải,他坐在我右边。,Tā zuò zài wǒ yòubiān.,Anh ấy ngồi bên phải tôi.
133,鱼,yú,cá,我们晚饭吃鱼。,Wǒmen wǎnfàn chī yú.,Chúng tôi ăn cá vào bữa tối.
134,元,yuán,Đồng (đơn vị tiền tệ),这本书要十元。,Zhè běn shū yào shí yuán.,Quyển sách này giá mười đồng.
135,远,yuǎn,xa,他家离学校很远。,Tā jiā lí xuéxiào hěn yuǎn.,Nhà anh ấy cách xa trường học.
136,运动,yùndòng,vận,我每天都运动。,Wǒ měitiān dōu yùndòng.,Tôi tập thể dục mỗi ngày.
137,再,zài,lại,请再说一遍。,Qǐng zài shuō yī biàn.,Xin hãy nói lại một lần nữa.
138,早上,zǎoshàng,buổi sáng,我每天早上六点起床。,Wǒ měitiān zǎoshang liù diǎn qǐchuáng.,Tôi dậy lúc sáu giờ sáng mỗi ngày.
139,张,zhāng,"tờ, bức (dùng cho vật phẳng, giấy, tranh, bàn)",这是一张照片。,Zhè shì yī zhāng zhàopiàn.,Đây là một tấm ảnh.
140,丈夫,zhàngfu,chồng,这是我的丈夫。,Zhè shì wǒ de zhàngfu.,Đây là chồng tôi.
141,找,zhǎo,tìm,我在找我的钥匙。,Wǒ zài zhǎo wǒ de yàoshi.,Tôi đang tìm chìa khóa của mình.
142,着,zhe,đang (dùng để chỉ trạng thái hiện tại),他在吃着饭呢。,Tā zài chī zhe fàn ne.,Anh ấy đang ăn cơm.
143,真,zhēn,thật,这个苹果真好吃。,Zhège píngguǒ zhēn hào chī.,Quả táo này thật ngon.
144,正在,zhèngzài,đang,妈妈正在打电话。,Māma zhèngzài dǎ diànhuà.,"Mẹ đang gọi điện thoại.
"
145,知道,zhīdào,biết,我知道他是谁。,Wǒ zhīdào tā shì shéi.,Tôi biết anh ấy là ai.
146,准备,zhǔnbèi,chuẩn bị,我正在准备考试。,Wǒ zhèngzài zhǔnbèi kǎoshì.,Tôi đang chuẩn bị cho kỳ thi.
147,自行车,zìxíngchē,xe đạp,他骑自行车去上班。,Tā qí zìxíngchē qù shàngbān.,Anh ấy đi làm bằng xe đạp.
148,走,zǒu,đi,我们一起走吧。,Wǒmen yīqǐ zǒu ba.,Chúng ta cùng đi nhé.
149,最,zuì,nhất (so sánh nhất),这是我最喜欢的书。,Zhè shì wǒ zuì xǐhuān de shū.,Đây là cuốn sách tôi thích nhất.
150,左边,zuǒbiān,bên trái,他坐在我左边。,Tā zuò zài wǒ zuǒbiān.,Anh ấy ngồi bên trái tôi.
1,阿姨,āyí,"dì, cô",阿姨非常喜欢我们。,Āyí fēicháng xǐhuān wǒmen.,Dì rất thích chúng tôi.
2,啊,a,"a, à, ơ (trợ từ ngữ khí)",啊，我忘记了！,"A, wǒ wàngjì le!","À, tôi quên rồi!"
3,矮,ǎi,"thấp, lùn",他比我矮。,Tā bǐ wǒ ǎi.,Anh ấy thấp hơn tôi.
4,爱好,àihào,sở thích,我的爱好是画画儿。,Wǒ de àihào shì huà huàr.,Sở thích của tôi là vẽ tranh.
5,安静,ānjìng,yên tĩnh,请保持安静。,Qǐng bǎochí ānjìng.,Xin hãy giữ yên lặng.
6,把,bǎ,"đem, lấy (giới từ)",把书给我。,Bǎ shū gěi wǒ.,Đưa cuốn sách cho tôi.
7,班,bān,"lớp, ca (làm việc)",我们班有二十个学生。,Wǒmen bān yǒu èrshí gè xuéshēng.,Lớp chúng tôi có hai mươi học sinh.
8,搬,bān,"chuyển, dời",他搬家到北京了。,Tā bānjiā dào Běijīng le.,Anh ấy đã chuyển nhà đến Bắc Kinh.
9,半,bàn,một nửa,我们半个小时后见。,Wǒmen bàn gè xiǎoshí hòu jiàn.,Chúng ta gặp nhau sau nửa giờ.
10,办法,bànfǎ,biện pháp,我有一个好办法。,Wǒ yǒu yīgè hǎo bànfǎ.,Tôi có một cách hay.
11,办公室,bàngōngshì,văn phòng,他在办公室工作。,Tā zài bàngōngshì gōngzuò.,Anh ấy làm việc ở văn phòng.
12,帮忙,bāngmáng,giúp đỡ (động từ li hợp),有你帮忙我就放心了。,Yǒu nǐ bāngmáng wǒ jiù fàngxīn le.,Có bạn giúp thì tôi yên tâm rồi.
13,包,bāo,"túi, bao",我的包丢了。,Wǒ de bāo diū le.,Cái túi của tôi bị mất rồi.
14,饱,bǎo,no,我吃饱了。,Wǒ chī bǎo le.,Tôi ăn no rồi.
15,北方,běifāng,miền Bắc,北方的冬天很冷。,Běifāng de dōngtiān hěn lěng.,Mùa đông ở phía Bắc rất lạnh.
16,被,bèi,"bị, được (giới từ bị động)",他被老师表扬了。,Tā bèi lǎoshī biǎoyáng le.,Anh ấy được thầy giáo khen ngợi.
17,比较,bǐjiào,"khá, tương đối",她比较高。,Tā bǐjiào gāo.,Cô ấy khá cao.
18,比赛,bǐsài,"cuộc thi, thi đấu",他们在参加比赛。,Tāmen zài cānjiā bǐsài.,Họ đang tham gia thi đấu.
19,必须,bìxū,"phải, cần phải",你必须按时到。,Nǐ bìxū ànshí dào.,Bạn phải đến đúng giờ.
20,变化,biànhuà,thay đổi,这里的天气变化很大。,Zhèlǐ de tiānqì biànhuà hěn dà.,Thời tiết ở đây thay đổi rất nhiều.
21,表示,biǎoshì,"biểu thị, thể hiện",他表示同意这个计划。,Tā biǎoshì tóngyì zhège jìhuà.,Anh ấy thể hiện đồng ý với kế hoạch này.
22,表演,biǎoyǎn,biểu diễn,她在表演节目。,Tā zài biǎoyǎn jiémù.,Cô ấy đang biểu diễn chương trình.
23,别人,biérén,người khác,别人的意见很重要。,Biérén de yìjiàn hěn zhòngyào.,Ý kiến của người khác rất quan trọng.
24,宾馆,bīnguǎn,khách sạn,宾馆的房间很干净。,Bīnguǎn de fángjiān hěn gānjìng.,Phòng của khách sạn rất sạch sẽ.
25,冰箱,bīngxiāng,tủ lạnh,冰箱里有很多食物。,Bīngxiāng lǐ yǒu hěn duō shíwù.,Trong tủ lạnh có rất nhiều thức ăn.
26,才,cái,"mới (nhấn mạnh thời gian muộn, trễ)",为什么你现在才来。,Wèi shénme nǐ xiànzài cái lái?,Tại sao bây giờ bạn mới tới?
27,菜单,càidān,thực đơn,菜单上有很多菜。,Càidān shàng yǒu hěn duō cài.,Trên thực đơn có nhiều món ăn.
28,参加,cānjiā,tham gia,我参加了这个活动。,Wǒ cānjiā le zhège huódòng.,Tôi đã tham gia hoạt động này.
29,草,cǎo,cỏ,草地上有很多花。,Cǎodì shàng yǒu hěn duō huā.,Trên bãi cỏ có nhiều hoa.
30,层,céng,tầng,我住在三层。,Wǒ zhù zài sān céng.,Tôi sống ở tầng ba.
31,差,chà,"kém, thiếu, tệ",今天的天气很差。,Jīntiān de tiānqì hěn chà.,Thời tiết hôm nay rất tệ.
32,超市,chāoshì,siêu thị,我去超市买东西。,Wǒ qù chāoshì mǎi dōngxi.,Tôi đi siêu thị mua đồ.
33,衬衫,chènshān,áo sơ mi,他穿了一件白衬衫。,Tā chuān le yī jiàn bái chènshān.,Anh ấy mặc một chiếc áo sơ mi trắng.
34,成绩,chéngjì,thành tích,他的成绩很好。,Tā de chéngjī hěn hǎo.,Thành tích của anh ấy rất tốt.
35,城市,chéngshì,thành phố,这座城市很大。,Zhè zuò chéngshì hěn dà.,Thành phố này rất lớn.
36,迟到,chídào,đến trễ,他今天迟到了。,Tā jīntiān chídào le.,Hôm nay anh ấy đến muộn.
37,出现,chūxiàn,xuất hiện,我们出现了问题。,Wǒmen chūxiàn le wèntí.,Chúng tôi gặp vấn đề rồi.
38,厨房,chúfáng,nhà bếp,厨房很干净。,Chúfáng hěn gānjìng.,Nhà bếp rất sạch.
39,除了,chúle,"ngoài ra, trừ ra",除了他，大家都来了。,"Chúle tā, dàjiā dōu lái le.","Ngoài anh ấy, mọi người đều đến."
40,春,chūn,mùa xuân,春天来了，花开了。,"Chūntiān lái le, huā kāi le.","Mùa xuân đến rồi, hoa nở rồi."
41,词语,cíyǔ,từ ngữ,我喜欢学习新词语。,Wǒ xǐhuān xuéxí xīn cíyǔ.,Tôi thích học từ mới.
42,聪明,cōngmíng,thông minh,她很聪明，总是知道答案。,"Tā hěn cōngmíng, zǒng shì zhīdào dá'àn.","Cô ấy rất thông minh, luôn biết đáp án."
43,打扫,dǎsǎo,quét dọn,我们一起打扫房间吧。,Wǒmen yīqǐ dǎsǎo fángjiān ba.,Chúng ta cùng dọn phòng nhé.
44,打算,dǎsuàn,dự định,我打算去旅游。,Wǒ dǎsuàn qù lǚyóu.,Tôi dự định đi du lịch.
45,带,dài,"mang theo, dẫn theo",别忘了带雨伞。,Bié wàngle dài yǔsǎn.,Đừng quên mang theo ô.
46,担心,dānxīn,lo lắng,我担心他的健康。,Wǒ dānxīn tā de jiànkāng.,Tôi lo lắng cho sức khỏe của anh ấy.
47,蛋糕,dàngāo,bánh ngọt,生日快乐，给你蛋糕。,"Shēngrì kuàilè, gěi nǐ dàngāo.","Sinh nhật vui vẻ, tặng bạn bánh ngọt."
48,当然,dāngrán,đương nhiên,你当然可以去。,Nǐ dāngrán kěyǐ qù.,Đương nhiên bạn có thể đi.
49,地,de,trợ từ của động từ,请慢慢地说。,Qǐng mànmàn de shuō.,Xin hãy nói chậm lại.
50,灯,dēng,đèn,请开灯。,Qǐng kāi dēng.,Vui lòng bật đèn.
51,低,dī,thấp,他的声音很低。,Tā de shēngyīn hěn dī.,Giọng anh ấy rất nhỏ.
52,地方,dìfāng,"nơi, chỗ",这个地方很好玩。,Zhège dìfāng hěn hǎowán.,Nơi này rất vui.
53,地铁,dìtiě,tàu điện ngầm,我坐地铁去上班。,Wǒ zuò dìtiě qù shàngbān.,Tôi đi làm bằng tàu điện ngầm.
54,地图,dìtú,bản đồ,你有这座城市的地图吗？,Nǐ yǒu zhè zuò chéngshì de dìtú ma?,Bạn có bản đồ của thành phố này không?
55,电梯,diàntī,thang máy,我们坐电梯上楼。,Wǒmen zuò diàntī shàng lóu.,Chúng tôi đi thang máy lên lầu.
56,电子邮箱,diànzǐ yóuxiāng,hộp thư điện tử (email),请发电子邮件给我。,Qǐng fā diànzǐ yóujiàn gěi wǒ.,Xin gửi email cho tôi.
57,东,dōng,đông (hướng đông),东边有一座山。,Dōngbiān yǒu yī zuò shān.,Phía đông có một ngọn núi.
58,冬,dōng,mùa đông,冬天很冷。,Dōngtiān hěn lěng.,Mùa đông rất lạnh.
59,动物,dòngwù,động vật,我喜欢动物。,Wǒ xǐhuān dòngwù.,Tôi thích động vật.
60,短,duǎn,ngắn,这条裙子太短了。,Zhè tiáo qúnzi tài duǎn le.,Chiếc váy này quá ngắn.
61,段,duàn,"đoạn, quãng",他讲了一段故事。,Tā jiǎng le yī duàn gùshì.,Anh ấy đã kể một đoạn câu chuyện.
62,锻炼,duànliàn,"luyện tập, rèn luyện",我每天锻炼身体。,Wǒ měitiān duànliàn shēntǐ.,Tôi tập thể dục mỗi ngày.
63,多么,duōme,"bao nhiêu, biết bao",这里的景色多么美丽。,Zhèlǐ de jǐngsè duōme měilì.,Cảnh ở đây đẹp làm sao.
64,饿,è,đói,我饿了，想吃饭。,"Wǒ è le, xiǎng chī fàn.","Tôi đói rồi, muốn ăn cơm."
65,而且,érqiě,"mà còn, hơn nữa",他聪明而且很努力。,Tā cōngmíng érqiě hěn nǔlì.,Anh ấy thông minh hơn nữa rất chăm chỉ.
66,耳朵,ěrduo,tai,我的耳朵很敏感。,Wǒ de ěrduo hěn mǐngǎn.,Tai tôi rất nhạy cảm.
67,发烧,fāshāo,sốt,他发烧了，要休息。,"Tā fāshāo le, yào xiūxí.","Anh ấy bị sốt, cần nghỉ ngơi."
68,发现,fāxiàn,phát hiện,我发现了一个秘密。,Wǒ fāxiàn le yīgè mìmì.,Tôi đã phát hiện ra một bí mật.
69,方便,fāngbiàn,thuận tiện,这里很方便。,Zhèlǐ hěn fāngbiàn.,Ở đây rất tiện lợi.
70,放,fàng,"đặt, để",请把书放在桌子上。,Qǐng bǎ shū fàng zài zhuōzi shàng.,Vui lòng để sách lên bàn.
71,放心,fàngxīn,yên tâm,请你放心。,Qǐng nǐ fàngxīn.,Xin bạn yên tâm.
72,分,fēn,"phút, phân",我们八点十分出发。,Wǒmen bā diǎn shí fēn chūfā.,Chúng ta khởi hành lúc tám giờ mười phút.
73,附近,fùjìn,"gần đây, vùng lân cận",我家附近有公园。,Wǒ jiā fùjìn yǒu gōngyuán.,Gần nhà tôi có công viên.
74,复习,fùxí,ôn tập,我需要复习功课。,Wǒ xūyào fùxí gōngkè.,Tôi cần ôn bài.
75,干净,gānjìng,sạch sẽ,房间很干净。,Fángjiān hěn gānjìng.,Phòng rất sạch sẽ.
76,敢,gǎn,dám,我敢说你是对的。,Wǒ gǎn shuō nǐ shì duì de.,Tôi dám nói bạn đúng.
77,感冒,gǎnmào,"cảm mạo, cảm lạnh",他感冒了，不能来。,"Tā gǎnmào le, bùnéng lái.","Anh ấy bị cảm, không thể đến."
78,刚才,gāngcái,vừa mới,刚才我看见他了。,Gāngcái wǒ kànjiàn tā le.,Vừa rồi tôi đã nhìn thấy anh ấy.
79,跟,gēn,cùng với,我跟他一起去。,Wǒ gēn tā yīqǐ qù.,Tôi đi cùng anh ấy.
80,根据,gēnjù,căn cứ vào,根据天气预报，今天会下雨。,"Gēnjù tiānqì yùbào, jīntiān huì xiàyǔ.","Theo dự báo thời tiết, hôm nay sẽ mưa."
81,更,gèng,"hơn, càng",她比我更高。,Tā bǐ wǒ gèng gāo.,Cô ấy cao hơn tôi.
82,公园,gōngyuán,công viên,我喜欢去公园散步。,Wǒ xǐhuān qù gōngyuán sànbù.,Tôi thích đi dạo trong công viên.
83,故事,gùshì,câu chuyện,这个故事很有趣。,Zhège gùshì hěn yǒuqù.,Câu chuyện này rất thú vị.
84,刮风,guā fēng,gió thổi,今天刮风了。,Jīntiān guāfēng le.,Hôm nay gió thổi mạnh.
85,关,guān,"đóng, tắt",请关门。,Qǐng guān mén.,Vui lòng đóng cửa.
86,关系,guānxì,quan hệ,我们是好朋友，关系很好。,"Wǒmen shì hǎo péngyǒu, guānxì hěn hǎo.","Chúng tôi là bạn tốt, quan hệ rất tốt."
87,关心,guānxīn,quan tâm,她很关心我。,Tā hěn guānxīn wǒ.,Cô ấy rất quan tâm đến tôi.
88,关于,guānyú,về (liên quan đến),这是关于旅行的书。,Zhè shì guānyú lǚxíng de shū.,Đây là cuốn sách về du lịch.
89,国家,guójiā,quốc gia,我爱我的国家。,Wǒ ài wǒ de guójiā.,Tôi yêu đất nước của tôi.
90,果汁,guǒzhī,nước ép trái cây,请给我一杯果汁。,Qǐng gěi wǒ yī bēi guǒzhī.,Vui lòng cho tôi một ly nước ép.
91,过去,guòqù,quá khứ,我们过去是同学。,Wǒmen guòqù shì tóngxué.,Chúng tôi từng là bạn học.
92,还是,háishì,"vẫn còn, hay là",你还是学生吗？,Nǐ háishì xuéshēng ma?,Bạn vẫn là học sinh à?
93,害怕,hàipà,sợ,我害怕黑暗。,Wǒ hàipà hēi'àn.,Tôi sợ bóng tối.
94,河,hé,sông,河边有很多花。,Hé biān yǒu hěn duō huā.,Bên bờ sông có nhiều hoa.
95,黑板,hēibǎn,bảng,请在黑板上写字。,Qǐng zài hēibǎn shàng xiězì.,Vui lòng viết lên bảng.
96,护照,hùzhào,hộ chiếu,我需要护照去旅行。,Wǒ xūyào hùzhào qù lǚxíng.,Tôi cần hộ chiếu để đi du lịch.
97,花,huā,"hoa, tiêu (tiền, thời gian)",这里的花开得很美。,Zhèlǐ de huā kāi de hěn měi.,Hoa ở đây nở rất đẹp.
98,花园,huāyuán,vườn hoa,我们在花园里玩。,Wǒmen zài huāyuán lǐ wán.,Chúng tôi chơi trong vườn hoa.
99,画,huà,"vẽ, tranh",他喜欢画画儿。,Tā xǐhuān huà huàr.,Anh ấy thích vẽ tranh.
100,坏,huài,"hỏng, xấu",我的手机坏了。,Wǒ de shǒujī huài le.,Điện thoại của tôi bị hỏng rồi.
101,还,huán,"trả lại, hoàn",你什么时候把钱还给我?,Nǐ shénme shíhòu bǎ qián huán gěi wǒ?,Khi nào bạn trả tiền cho tôi?
102,环境,huánjìng,môi trường,我喜欢安静的环境。,Wǒ xǐhuān ānjìng de huánjìng.,Tôi thích môi trường yên tĩnh.
103,换,huàn,đổi,我想换工作。,Wǒ xiǎng huàn gōngzuò.,Tôi muốn đổi công việc.
104,黄,huáng,màu vàng,这条裙子是黄色的。,Zhè tiáo qúnzi shì huángsè de.,Chiếc váy này màu vàng.
105,会议,huìyì,"hội nghị, cuộc họp",会议将在下午三点开始。,Huìyì jiāng zài xiàwǔ sān diǎn kāishǐ.,Cuộc họp sẽ bắt đầu lúc ba giờ chiều.
106,或者,huòzhě,hoặc là,你可以选择苹果或者香蕉。,Nǐ kěyǐ xuǎnzé píngguǒ huòzhě xiāngjiāo.,Bạn có thể chọn táo hoặc chuối.
107,机会,jīhuì,cơ hội,这是一个好机会。,Zhè shì yīgè hǎo jīhuì.,Đây là một cơ hội tốt.
108,几乎,jīhū,"hầu như, gần như",他几乎每天都锻炼。,Tā jīhū měitiān dōu duànliàn.,Anh ấy hầu như tập thể dục mỗi ngày.
109,极,jí,cực kỳ,这个菜的味道好极了。,Zhège cài de wèidào hǎo jí le.,Mùi vị của món ăn này cực kỳ ngon.
110,记得,jìdé,"nhớ, nhớ đến",请记得带钥匙。,Qǐng jìdé dài yàoshi.,Hãy nhớ mang theo chìa khóa.
111,季节,jìjié,mùa,我最喜欢的季节是春天。,Wǒ zuì xǐhuān de jìjié shì chūntiān.,Mùa yêu thích của tôi là mùa xuân.
112,检查,jiǎnchá,kiểm tra,老师检查了我们的作业。,Lǎoshī jiǎnchá le wǒmen de zuòyè.,Thầy giáo đã kiểm tra bài tập của chúng tôi.
113,简单,jiǎndān,đơn giản,这个问题很简单。,Zhège wèntí hěn jiǎndān.,Câu hỏi này rất đơn giản.
114,健康,jiànkāng,khỏe mạnh,健康比什么都重要。,Jiànkāng bǐ shénme dōu zhòngyào.,Sức khỏe quan trọng hơn mọi thứ.
115,见面,jiànmiàn,gặp mặt,我们明天见面吧。,Wǒmen míngtiān jiànmiàn ba.,Chúng ta gặp nhau vào ngày mai nhé.
116,讲,jiǎng,"nói, giảng",他喜欢讲故事。,Tā xǐhuān jiǎng gùshì.,Anh ấy thích kể chuyện.
117,教,jiāo,dạy,他教我们汉语。,Tā jiāo wǒmen Hànyǔ.,Anh ấy dạy chúng tôi tiếng Trung.
118,角,jiǎo,góc,猫在桌子的角落里。,Māo zài zhuōzi de jiǎoluò lǐ.,Con mèo ở góc bàn.
119,脚,jiǎo,chân,我的脚很疼。,Wǒ de jiǎo hěn téng.,Chân tôi rất đau.
120,接,jiē,"nhận, tiếp",请接电话。,Qǐng jiē diànhuà.,Vui lòng nghe điện thoại.
121,街道,jiēdào,đường phố,这条街道很宽。,Zhè tiáo jiēdào hěn kuān.,Con đường này rất rộng.
122,结婚,jiéhūn,kết hôn,他们结婚了。,Tāmen jiéhūn le.,Họ đã kết hôn.
123,结束,jiéshù,kết thúc,会议结束了。,Huìyì jiéshù le.,Cuộc họp đã kết thúc.
124,节目,jiémù,chương trình,我喜欢这个节目。,Wǒ xǐhuān zhège jiémù.,Tôi thích chương trình này.
125,节日,jiérì,ngày lễ,春节是中国的传统节日。,Chūnjié shì Zhōngguó de chuántǒng jiérì.,Tết Nguyên Đán là ngày lễ truyền thống của Trung Quốc.
126,解决,jiějué,giải quyết,我们需要解决这个问题。,Wǒmen xūyào jiějué zhège wèntí.,Chúng ta cần giải quyết vấn đề này.
127,借,jiè,mượn,我可以借你的书吗？,Wǒ kěyǐ jiè nǐ de shū ma?,Tôi có thể mượn sách của bạn không?
128,经常,jīngcháng,thường xuyên,我经常去图书馆。,Wǒ jīngcháng qù túshūguǎn.,Tôi thường xuyên đến thư viện.
129,经过,jīngguò,trải qua,他经过我家门口。,Tā jīngguò wǒ jiā ménkǒu.,Anh ấy đi qua cửa nhà tôi.
130,经历,jīnglì,kinh nghiệm,这是一段难忘的经历。,Zhè shì yī duàn nánwàng de jīnglì.,Đây là một trải nghiệm khó quên.
131,久,jiǔ,lâu,我等了很久。,Wǒ děng le hěn jiǔ.,Tôi đã đợi rất lâu.
132,旧,jiù,cũ,这本书很旧。,Zhè běn shū hěn jiù.,Cuốn sách này rất cũ.
133,举行,jǔxíng,tổ chức,学校将举行运动会。,Xuéxiào jiāng jǔxíng yùndònghuì.,Trường sẽ tổ chức đại hội thể thao.
134,句子,jùzi,câu,请你用这个词语造句子。,Qǐng nǐ yòng zhège cíyǔ zào jùzi.,Vui lòng dùng từ này để tạo câu.
135,决定,juédìng,quyết định,我决定明天去旅行。,Wǒ juédìng míngtiān qù lǚxíng.,Tôi quyết định đi du lịch vào ngày mai.
136,可爱,kě'ài,đáng yêu,这只猫很可爱。,Zhè zhǐ māo hěn kě'ài.,Con mèo này rất dễ thương.
137,刻,kè,khắc (15 phút),八点一刻我来。,Bā diǎn yí kè wǒ lái.,8 giờ 15 phút tôi tới.
138,客人,kèrén,khách,客人已经来了。,Kèrén yǐjīng lái le.,Khách đã đến rồi.
139,空调,kòngtiáo,máy điều hòa,房间里有空调。,Fángjiān lǐ yǒu kòngtiáo.,Trong phòng có điều hòa.
140,口,kǒu,"miệng, khẩu",瓶子口上贴着一张纸。,Píngzi kǒu shàng tiē zhe yì zhāng zhǐ.,Trên miệng chai có dán 1 tờ giấy.
141,哭,kū,khóc,孩子们在哭。,Háizimen zài kū.,Bọn trẻ đang khóc.
142,裤子,kùzi,quần,他穿了一条新裤子。,Tā chuān le yī tiáo xīn kùzi.,Anh ấy mặc một chiếc quần mới.
143,筷子,kuàizi,đũa,我用筷子吃饭。,Wǒ yòng kuàizi chīfàn.,Tôi dùng đũa để ăn cơm.
144,蓝,lán,màu xanh,天空是蓝色的。,Tiānkōng shì lánsè de.,Bầu trời màu xanh.
145,老,lǎo,"già, cũ",他是个老朋友。,Tā shì gè lǎo péngyǒu.,Anh ấy là bạn cũ.
146,离开,líkāi,rời khỏi,他已经离开了。,Tā yǐjīng líkāi le.,Anh ấy đã rời đi rồi.
147,礼物,lǐwù,quà,这是我的生日礼物。,Zhè shì wǒ de shēngrì lǐwù.,Đây là quà sinh nhật của tôi.
148,历史,lìshǐ,lịch sử,他喜欢学习历史。,Tā xǐhuān xuéxí lìshǐ.,Anh ấy thích học lịch sử.
149,脸,liǎn,mặt,她的脸很漂亮。,Tā de liǎn hěn piàoliang.,Khuôn mặt cô ấy rất đẹp.
150,练习,liànxí,luyện tập,我每天练习中文。,Wǒ měitiān liànxí Zhōngwén.,Tôi luyện tập tiếng Trung mỗi ngày.
151,辆,liàng,chiếc (xe),他有一辆新车。,Tā yǒu yī liàng xīn chē.,Anh ấy có một chiếc xe mới.
152,了解,liǎojiě,hiểu rõ,我了解你的意思。,Wǒ liǎojiě nǐ de yìsi.,Tôi hiểu ý của bạn.
153,邻居,línjū,hàng xóm,我的邻居很友好。,Wǒ de línjū hěn yǒuhǎo.,Hàng xóm của tôi rất thân thiện.
154,楼,lóu,tòa nhà,我们住在三楼。,Wǒmen zhù zài sān lóu.,Chúng tôi sống ở tầng ba.
155,马,mǎ,con ngựa,马跑得很快。,Mǎ pǎo de hěn kuài.,Con ngựa chạy rất nhanh.
156,马上,mǎshàng,ngay lập tức,我马上就来。,Wǒ mǎshàng jiù lái.,Tôi sẽ đến ngay.
157,满意,mǎnyì,hài lòng,我对结果很满意。,Wǒ duì jiéguǒ hěn mǎnyì.,Tôi rất hài lòng với kết quả.
158,帽子,màozi,mũ,这顶帽子很漂亮。,Zhè dǐng màozi hěn piàoliang.,Chiếc mũ này rất đẹp.
159,米,mǐ,"gạo, mét",我吃了一碗米饭。,Wǒ chī le yī wǎn mǐfàn.,Tôi đã ăn một bát cơm.
160,面包,miànbāo,bánh mì,我每天早餐都吃面包。,Wǒ měitiān zǎocān dōu chī miànbāo.,Tôi ăn bánh mì vào bữa sáng mỗi ngày.
161,面条,miàntiáo,mì sợi,他喜欢吃面条。,Tā xǐhuān chī miàntiáo.,Anh ấy thích ăn mì.
162,明白,míngbái,hiểu rõ,我明白你的意思。,Wǒ míngbái nǐ de yìsi.,Tôi hiểu ý của bạn.
163,拿,ná,"cầm, lấy",请你帮我拿一下书。,Qǐng nǐ bāng wǒ ná yīxià shū.,Vui lòng giúp tôi cầm sách một chút.
164,奶奶,nǎinai,bà nội,我奶奶住在乡下。,Wǒ nǎinai zhù zài xiāngxià.,Bà nội của tôi sống ở quê.
165,南,nán,phía nam,我们往南走。,Wǒmen wǎng nán zǒu.,Chúng ta đi về hướng nam.
166,难,nán,khó,这个问题很难。,Zhège wèntí hěn nán.,Vấn đề này rất khó.
167,难过,nánguò,buồn,他听到这个消息很难过。,Tā tīngdào zhège xiāoxi hěn nánguò.,Anh ấy rất buồn khi nghe tin này.
168,年级,niánjí,"lớp, năm học",我今年上三年级。,Wǒ jīnnián shàng sān niánjí.,Năm nay tôi học lớp ba.
169,年轻,niánqīng,trẻ,她很年轻。,Tā hěn niánqīng.,Cô ấy rất trẻ.
170,鸟,niǎo,chim,树上有很多鸟。,Shù shàng yǒu hěn duō niǎo.,Trên cây có nhiều chim.
171,努力,nǔlì,"nỗ lực, chăm chỉ",他学习很努力。,Tā xuéxí hěn nǔlì.,Anh ấy học rất chăm chỉ.
172,爬山,páshān,leo núi,周末我们去爬山吧。,Zhōumò wǒmen qù páshān ba.,Cuối tuần chúng ta đi leo núi nhé.
173,盘子,pánzi,đĩa,请把盘子放在桌子上。,Qǐng bǎ pánzi fàng zài zhuōzi shàng.,Vui lòng đặt đĩa lên bàn.
174,胖,pàng,béo,这个小孩有点儿胖。,Zhège xiǎohái yǒudiǎnr pàng.,Đứa trẻ này hơi mập.
175,啤酒,píjiǔ,bia,我不喝啤酒。,Wǒ bù hē píjiǔ.,Tôi không uống bia.
176,葡萄,pútao,nho,我喜欢吃葡萄。,Wǒ xǐhuān chī pútáo.,Tôi thích ăn nho.
177,普通话,pǔtōnghuà,tiếng Phổ thông (tiếng Trung chuẩn),他说普通话说得很流利。,Tā shuō Pǔtōnghuà shuō de hěn liúlì.,Anh ấy nói tiếng Phổ thông rất lưu loát.
178,骑,qí,"cưỡi, đi (xe đạp, xe máy)",我喜欢骑自行车。,Wǒ xǐhuān qí zìxíngchē.,Tôi thích đi xe đạp.
179,其实,qíshí,thực ra,其实我不太喜欢吃辣。,Qíshí wǒ bù tài xǐhuān chī là.,Thật ra tôi không thích ăn cay lắm.
180,其他,qítā,khác,其他人都已经走了。,Qítā rén dōu yǐjīng zǒu le.,Những người khác đều đã đi rồi.
181,奇怪,qíguài,kỳ lạ,这个事情很奇怪。,Zhège shìqíng hěn qíguài.,Chuyện này rất kỳ lạ.
182,铅笔,qiānbǐ,bút chì,我需要一支铅笔。,Wǒ xūyào yī zhī qiānbǐ.,Tôi cần một cây bút chì.
183,清楚,qīngchǔ,rõ ràng,我不太清楚他的名字。,Wǒ bù tài qīngchǔ tā de míngzi.,Tôi không rõ tên của anh ấy lắm.
184,秋,qiū,mùa thu,秋天是我最喜欢的季节。,Qiūtiān shì wǒ zuì xǐhuān de jìjié.,Mùa thu là mùa tôi thích nhất.
185,裙子,qúnzi,váy,她穿了一条红色的裙子。,Tā chuān le yī tiáo hóngsè de qúnzi.,Cô ấy mặc một chiếc váy đỏ.
186,然后,ránhòu,sau đó,我们吃完饭然后去看电影。,Wǒmen chī wán fàn ránhòu qù kàn diànyǐng.,Chúng tôi ăn xong rồi đi xem phim.
187,热情,rèqíng,nhiệt tình,他对人很热情。,Tā duì rén hěn rèqíng.,Anh ấy rất nhiệt tình với mọi người.
188,认为,rènwéi,cho rằng,我认为他是对的。,Wǒ rènwéi tā shì duì de.,Tôi cho rằng anh ấy đúng.
189,认真,rènzhēn,nghiêm túc,她学习很认真。,Tā xuéxí hěn rènzhēn.,Cô ấy học rất chăm chỉ.
190,容易,róngyì,dễ dàng,这个问题很容易解决。,Zhège wèntí hěn róngyì jiějué.,Vấn đề này rất dễ giải quyết.
191,如果,rúguǒ,nếu như,如果你有时间，请来我家。,"Rúguǒ nǐ yǒu shíjiān, qǐng lái wǒ jiā.","Nếu bạn có thời gian, xin hãy đến nhà tôi."
192,伞,sǎn,"ô, dù",下雨了，带上伞吧。,"Xiàyǔ le, dài shàng sǎn ba.","Trời mưa rồi, mang ô đi nhé."
193,上网,shàngwǎng,lên mạng,我喜欢上网看新闻。,Wǒ xǐhuān shàngwǎng kàn xīnwén.,Tôi thích lên mạng đọc tin tức.
194,生气,shēngqì,giận dữ,她生气了，因为你迟到了。,"Tā shēngqì le, yīnwèi nǐ chídào le.",Cô ấy tức giận vì bạn đến muộn.
195,声音,shēngyīn,âm thanh,我听不到他的声音。,Wǒ tīng bú dào tā de shēngyīn.,Tôi không nghe thấy giọng của anh ấy.
196,使,shǐ,"khiến, làm cho",他使我非常生气。,Tā shǐ wǒ fēicháng shēngqì.,Anh ất làm tôi cực kỳ tức giận.
197,世界,shìjiè,thế giới,世界很大。,Shìjiè hěn dà.,Thế giới rất rộng lớn.
198,瘦,shòu,gầy,我觉得他越来越瘦了。,Wǒ juéde tā yuè lái yuè shòu le.,Tôi cảm thấy anh ấy ngày càng gầy.
199,舒服,shūfu,thoải mái,这张椅子很舒服。,Zhè zhāng yǐzi hěn shūfu.,Cái ghế này rất thoải mái.
200,叔叔,shūshu,chú,我的叔叔很高。,Wǒ de shūshu hěn gāo.,Chú của tôi rất cao.
201,树,shù,cây,树上的鸟在唱歌。,Shù shàng de niǎo zài chànggē.,Con chim trên cây đang hót.
202,数学,shùxué,toán học,他数学很好。,Tā shùxué hěn hǎo.,Anh ấy giỏi toán.
203,刷牙,shuāyá,đánh răng,我每天刷两次牙。,Wǒ měitiān shuā liǎng cì yá .,Tôi đánh răng hai lần mỗi ngày.
204,双,shuāng,đôi,我买了一双鞋。,Wǒ mǎi le yī shuāng xié.,Tôi đã mua một đôi giày.
205,水平,shuǐpíng,trình độ,他的游泳水平很高。,Tā de yóuyǒng shuǐpíng hěn gāo.,Trình độ bơi của anh ấy rất cao.
206,司机,sījī,"lái xe, tài xế",他是我们的司机。,Tā shì wǒmen de sījī.,Anh ấy là tài xế của chúng tôi.
207,虽然,suīrán,tuy rằng,虽然他很忙，但他还是来了。,"Suīrán tā hěn máng, dàn tā háishì lái le.","Mặc dù anh ấy rất bận, nhưng anh ấy vẫn đến."
208,太阳,tàiyáng,mặt trời,太阳出来了。,Tàiyáng chū lái le.,Mặt trời đã mọc.
209,糖,táng,"kẹo, đường",我不喜欢吃糖。,Wǒ bù xǐhuān chī táng.,Tôi không thích ăn kẹo.
210,特别,tèbié,đặc biệt,他特别喜欢跑步。,Tā tèbié xǐhuān pǎobù.,Anh ấy đặc biệt thích chạy bộ.
211,疼,téng,đau,我的头很疼。,Wǒ de tóu hěn téng.,Đầu tôi rất đau.
212,提高,tígāo,nâng cao,我们要提高汉语水平。,Wǒmen yào tígāo hànyǔ shuǐpíng.,Chúng ta cần nâng cao trình độ tiếng Trung.
213,体育,tǐyù,"thể dục, thể thao",我喜欢体育运动。,Wǒ xǐhuān tǐyù yùndòng.,Tôi thích các hoạt động thể thao.
214,甜,tián,ngọt,这个蛋糕很甜。,Zhège dàngāo hěn tián.,Cái bánh này rất ngọt.
215,条,tiáo,"sợi, cái",他买了一条裤子。,Tā mǎi le yī tiáo kùzi.,Anh ấy đã mua một chiếc quần.
216,同事,tóngshì,đồng nghiệp,他是我的同事。,Tā shì wǒ de tóngshì.,Anh ấy là đồng nghiệp của tôi.
217,同意,tóngyì,đồng ý,我同意你的看法。,Wǒ tóngyì nǐ de kànfǎ.,Tôi đồng ý với quan điểm của bạn.
218,头发,tóufa,tóc,她的头发很长。,Tā de tóufa hěn cháng.,Tóc của cô ấy rất dài.
219,突然,tūrán,đột nhiên,他突然离开了。,Tā tūrán líkāi le.,Anh ấy đột nhiên rời đi.
220,图书馆,túshūguǎn,thư viện,我们去图书馆看书吧。,Wǒmen qù túshūguǎn kànshū ba.,Chúng ta đến thư viện đọc sách nhé.
221,腿,tuǐ,chân,他的腿很长。,Tā de tuǐ hěn cháng.,Chân của anh ấy rất dài.
222,完成,wánchéng,hoàn thành,我完成了作业。,Wǒ wánchéng le zuòyè.,Tôi đã hoàn thành bài tập.
223,碗,wǎn,bát,他吃了三碗饭。,Tā chī le sān wǎn fàn.,Anh ấy đã ăn ba bát cơm.
224,万,wàn,"vạn, mười nghìn",一万个人参加了比赛。,Yī wàn gè rén cānjiā le bǐsài.,Mười nghìn người đã tham gia cuộc thi.
225,忘记,wàngjì,quên,请不要忘记带书。,Qǐng bùyào wàngjì dài shū.,Vui lòng đừng quên mang sách.
226,位,wèi,"vị, ngài",请坐在这位先生旁边。,Qǐng zuò zài zhè wèi xiānshēng pángbiān.,Xin ngồi bên cạnh ông này.
227,为,wèi,vì,我为你感到骄傲。,Wǒ wèi nǐ gǎndào jiāo'ào.,Tôi tự hào về bạn.
228,为了,wèile,"để, vì",我来中国是为了学习汉语。,Wǒ lái Zhōngguó shì wèile xuéxí hànyǔ .,Tôi đến Trung Quốc để học tiếng Trung.
229,文化,wénhuà,văn hóa,他对中国文化很感兴趣。,Tā duì Zhōngguó wénhuà hěn gǎn xìngqù.,Anh ấy rất quan tâm đến văn hóa Trung Quốc.
230,西,xī,phía tây,我住在西边。,Wǒ zhù zài xībiān.,Tôi sống ở phía tây.
231,习惯,xíguàn,thói quen,他习惯早起。,Tā xíguàn zǎoqǐ.,Anh ấy quen dậy sớm.
232,洗手间,xǐshǒujiān,nhà vệ sinh,洗手间在那边。,Xǐshǒujiān zài nà biān.,Nhà vệ sinh ở đằng kia.
233,洗澡,xǐzǎo,tắm,我每天早上都洗澡。,Wǒ měitiān zǎoshang dōu xǐzǎo.,Tôi đều tắm vào mỗi buổi sáng.
234,喜欢,xǐhuān,thích,我喜欢这个颜色。,Wǒ xǐhuān zhège yánsè.,Tôi thích màu này.
235,现在,xiànzài,hiện,现在是八点。,Xiànzài shì bā diǎn.,Bây giờ là tám giờ.
236,香蕉,xiāngjiāo,chuối,香蕉是黄色的。,Xiāngjiāo shì huángsè de.,Chuối có màu vàng.
237,相同,xiāngtóng,giống nhau,我们的看法相同。,Wǒmen de kànfǎ xiāngtóng.,Quan điểm của chúng tôi giống nhau.
238,相信,xiāngxìn,tin tưởng,我相信他的话。,Wǒ xiāngxìn tā de huà.,Tôi tin lời anh ấy.
239,像,xiàng,giống,他像他爸爸一样高。,Tā xiàng tā bàba yīyàng gāo.,Anh ấy cao giống như bố của mình.
240,小心,xiǎoxīn,cẩn thận,请小心地走路。,Qǐng xiǎoxīn de zǒulù.,Vui lòng đi bộ cẩn thận.
241,校长,xiàozhǎng,hiệu trưởng,校长在办公室工作。,Xiàozhǎng zài bàngōngshì gōngzuò.,Hiệu trưởng làm việc trong văn phòng.
242,鞋,xié,giày,我买了一双新鞋。,Wǒ mǎi le yī shuāng xīn xié.,Tôi đã mua một đôi giày mới.
243,新闻,xīnwén,tin tức,我每天都看新闻。,Wǒ měitiān dōu kàn xīnwén.,Tôi xem tin tức mỗi ngày.
244,新鲜,xīnxiān,tươi mới,这些水果很新鲜。,Zhèxiē shuǐguǒ hěn xīnxiān.,Những loại trái cây này rất tươi.
245,信,xìn,"thư, tin tưởng",我给你写了一封信。,Wǒ gěi nǐ xiě le yī fēng xìn.,Tôi đã viết cho bạn một bức thư.
246,行李箱,xínglǐxiāng,vali,我的行李箱很重。,Wǒ de xínglǐxiāng hěn zhòng.,Vali của tôi rất nặng.
247,兴趣,xìngqù,hứng thú,我对中国文化有兴趣。,Wǒ duì Zhōngguó wénhuà yǒu xìngqù.,Tôi có hứng thú với văn hóa Trung Quốc.
248,熊猫,xióngmāo,gấu trúc,熊猫是中国的国宝。,Xióngmāo shì Zhōngguó de guóbǎo.,Gấu trúc là báu vật quốc gia của Trung Quốc.
249,需要,xūyào,cần,我需要一杯水。,Wǒ xūyào yī bēi shuǐ.,Tôi cần một cốc nước.
250,选择,xuǎnzé,lựa chọn,你可以选择一个礼物。,Nǐ kěyǐ xuǎnzé yī gè lǐwù.,Bạn có thể chọn một món quà.
251,眼镜,yǎnjìng,kính,他戴着一副眼镜。,Tā dài zhe yī fù yǎnjìng.,Anh ấy đang đeo một chiếc kính.
252,要求,yāoqiú,yêu cầu,老师对学生有很高的要求。,Lǎoshī duì xuéshēng yǒu hěn gāo de yāoqiú.,Giáo viên có yêu cầu rất cao đối với học sinh.
253,爷爷,yéye,ông nội,我爷爷很喜欢看书。,Wǒ yéye hěn xǐhuān kàn shū.,Ông của tôi rất thích đọc sách.
254,一定,yīdìng,nhất định,我一定会努力学习。,Wǒ yídìng huì nǔlì xuéxí.,Tôi chắc chắn sẽ học chăm chỉ.
255,一共,yīgòng,tổng cộng,我们一共有五个人。,Wǒmen yígòng yǒu wǔ gè rén.,Chúng tôi có tổng cộng năm người.
256,一会儿,yīhuìr,một lát,请等我一会儿。,Qǐng děng wǒ yíhuìr.,Xin hãy đợi tôi một lát.
257,一样,yīyàng,giống nhau,他们和我们一样高。,Tāmen hé wǒmen yīyàng gāo.,Họ cao bằng chúng tôi.
258,以后,yǐhòu,sau này,我以后再来。,Wǒ yǐhòu zài lái.,Tôi sẽ đến sau.
259,以前,yǐqián,trước đây,我以前住在北京。,Wǒ yǐqián zhù zài Běijīng.,Tôi đã từng sống ở Bắc Kinh.
260,以为,yǐwéi,cho rằng,我以为你不来了。,Wǒ yǐwéi nǐ bù lái le.,Tôi tưởng rằng bạn không đến.
261,一般,yībān,thông thường,这个饭馆很一般。,Zhège fànguǎn hěn yībān.,Nhà hàng này rất bình thường.
262,一边,yībiān,vừa ... vừa ...,他一边吃饭一边看电视。,Tā yìbiān chīfàn yìbiān kàn diànshì.,Anh ấy vừa ăn vừa xem TV.
263,一直,yīzhí,luôn luôn,他一直在学习。,Tā yìzhí zài xuéxí.,Anh ấy luôn luôn học tập.
264,音乐,yīnyuè,âm nhạc,我喜欢听音乐。,Wǒ xǐhuān tīng yīnyuè.,Tôi thích nghe nhạc.
265,银行,yínháng,ngân hàng,我去银行取钱。,Wǒ qù yínháng qǔ qián.,Tôi đến ngân hàng rút tiền.
266,应该,yīnggāi,nên,你应该多休息。,Nǐ yīnggāi duō xiūxí.,Bạn nên nghỉ ngơi nhiều hơn.
267,影响,yǐngxiǎng,ảnh hưởng,这个电影对我影响很大。,Zhège diànyǐng duì wǒ yǐngxiǎng hěn dà.,Bộ phim này có ảnh hưởng lớn đối với tôi.
268,用,yòng,dùng,请不要用手机。,Qǐng bùyào yòng shǒujī.,Vui lòng không sử dụng điện thoại.
269,游戏,yóuxì,trò chơi,我喜欢玩游戏。,Wǒ xǐhuān wán yóuxì.,Tôi thích chơi trò chơi.
270,又,yòu,"lại, vừa",他又来了。,Tā yòu lái le.,Anh ấy lại đến.
271,有名,yǒumíng,nổi tiếng,他是一个有名的歌手。,Tā shì yī gè yǒumíng de gēshǒu.,Anh ấy là một ca sĩ nổi tiếng.
272,遇到,yùdào,gặp phải,我在路上遇到他了。,Wǒ zài lùshàng yùdào tā le.,Tôi đã gặp anh ấy trên đường.
273,月亮,yuèliàng,mặt trăng,今天晚上的月亮很圆。,Jīntiān wǎnshang de yuèliàng hěn yuán.,Trăng tối nay rất tròn.
274,云,yún,mây,天上的云很美。,Tiānshàng de yún hěn měi.,Mây trên trời rất đẹp.
275,站,zhàn,"đứng, trạm",请站在这儿。,Qǐng zhàn zài zhèr.,Xin hãy đứng ở đây.
276,长,zhǎng,dài,他长得很高。,Tā zhǎng de hěn gāo.,Anh ấy cao.
277,着急,zhāojí,lo lắng,他很着急。,Tā hěn zhāojí.,Anh ấy rất lo lắng.
278,照顾,zhàogu,chăm sóc,我会照顾你。,Wǒ huì zhàogù nǐ.,Tôi sẽ chăm sóc bạn.
279,照片,zhàopiàn,bức ảnh,这张照片很好看。,Zhè zhāng zhàopiàn hěn hǎokàn.,Bức ảnh này rất đẹp.
280,照相机,zhàoxiàngjī,máy ảnh,我有一台新的照相机。,Wǒ yǒu yī tái xīn de zhàoxiàngjī.,Tôi có một chiếc máy ảnh mới.
281,只,zhǐ,chỉ,我只吃了一点儿。,Wǒ zhǐ chī le yīdiǎnr.,Tôi chỉ ăn một chút.
282,中间,zhōngjiān,ở giữa,他站在房间的中间。,Tā zhàn zài fángjiān de zhōngjiān.,Anh ấy đứng ở giữa phòng.
283,终于,zhōngyú,cuối cùng,我终于完成了作业。,Wǒ zhōngyú wánchéng le zuòyè.,Cuối cùng tôi đã hoàn thành bài tập.
284,种,zhǒng,"loại, hạt giống",他喜欢这种花。,Tā xǐhuān zhè zhǒng huā.,Anh ấy thích loại hoa này.
285,重要,zhòngyào,quan trọng,这件事很重要。,Zhè jiàn shì hěn zhòngyào.,Việc này rất quan trọng.
286,主要,zhǔyào,chủ yếu,主要问题是时间不够。,Zhǔyào wèntí shì shíjiān bù gòu.,Vấn đề chính là không đủ thời gian.
287,周末,zhōumò,cuối tuần,周末我去公园玩。,Zhōumò wǒ qù gōngyuán wán.,Cuối tuần tôi đi công viên chơi.
288,祝,zhù,chúc,祝你生日快乐。,Zhù nǐ shēngrì kuàilè.,Chúc bạn sinh nhật vui vẻ.
289,注意,zhùyì,chú ý,请注意安全。,Qǐng zhùyì ānquán.,Vui lòng chú ý an toàn.
290,字典,zìdiǎn,từ điển,我需要一本字典。,Wǒ xūyào yī běn zìdiǎn.,Tôi cần một quyển từ điển.
291,自己,zìjǐ,bản thân,这是我自己的问题。,Zhè shì wǒ zìjǐ de wèntí.,Đây là vấn đề của chính tôi.
292,总是,zǒngshì,luôn luôn,他总是很忙。,Tā zǒngshì hěn máng.,Anh ấy luôn luôn bận rộn.
293,最近,zuìjìn,gần đây,最近我很忙。,Zuìjìn wǒ hěn máng.,Gần đây tôi rất bận.
294,作业,zuòyè,bài tập về nhà,我已经做完作业了。,Wǒ yǐjīng zuò wán zuòyè le.,Tôi đã làm xong bài tập.
295,作用,zuòyòng,tác dụng,这个词的作用是什么？,Zhège cí de zuòyòng shì shénme?,Tác dụng của từ này là gì?